feature	metadata	value	coef	stderr	N	N.not.0	pval	qval
Tetracycline	location	Punta Espinoza	-0.671561692586419	0.206548261176648	68	64	0.00182203560985146	0.0400847834167321
Aminoglycoside	location	Punta Espinoza	0.467270736407914	0.174189338504664	68	67	0.00925452855779033	0.101799814135694
Aminoglycoside	location	Cabo Douglas	0.429300341195015	0.174189338504664	68	67	0.016370581017278	0.120050927460039
