"Island","beta.islandRabida","se.islandRabida","W.islandRabida","p_val.islandRabida","q_val.islandRabida","diff_abn.islandRabida"
" Clostridia_UCG-014",-2.16071613056949,0.33160563891747,-6.51592095243967,7.22450152832191e-11,2.52857553491267e-09,TRUE
" Clostridiales",0.673578001451548,0.209738654352744,3.2115110279992,0.00132038902638847,0.044893226897208,TRUE
