"location","beta.locationRabida","se.locationRabida","W.locationRabida","p_val.locationRabida","q_val.locationRabida","diff_abn.locationRabida"
" Actinobacteriota",1.52258694683318,0.757423665071317,2.01021834548809,0.044408084580145,0.310856592061015,FALSE
" Bacteroidota",-1.50983678608349,0.632456852770282,-2.38725658433475,0.0169746395294347,0.169746395294347,FALSE
" Desulfobacterota",-1.92933113531879,0.974026528166304,-1.9807788386944,0.0476160809260359,0.310856592061015,FALSE
" Proteobacteria",-1.10279319874936,0.507419898545418,-2.17333455371114,0.0297551466482286,0.238041173185829,FALSE
" Verrucomicrobiota",-1.97012611940617,0.875947091483908,-2.24913826252754,0.024503700863888,0.220533307774992,FALSE
