"Island","beta.islandRabida","se.islandRabida","W.islandRabida","p_val.islandRabida","q_val.islandRabida","diff_abn.islandRabida"
" Clostridia_UCG-014",-2.23893466199884,0.347079551480311,-6.45078239973998,1.11274174368287e-10,5.45243454404606e-09,TRUE
" Caloramatoraceae",1.99129853469673,0.310112546073268,6.42121242726589,1.35193212530305e-10,6.48927420145465e-09,TRUE
