feature	metadata	value	coef	stderr	N	N.not.0	pval	qval
Bacteroidota	location	Rabida	-0.642675379870384	0.132879159148006	38	38	2.4732742760372e-05	0.000197861942082976
Firmicutes	location	Rabida	0.00830591335809268	0.00372995545449629	38	38	0.032304721638297	0.101783146975578
Verrucomicrobiota	location	Rabida	-0.858885291145744	0.336904481903736	38	32	0.0381686801158418	0.101783146975578
Actinobacteriota	location	Rabida	0.285300065026935	0.27580041944512	38	35	0.314380960630006	0.359292526434292
Campylobacterota	location	Rabida	-0.166727434973319	0.131022408279148	38	7	0.296213435089633	0.359292526434292
Desulfobacterota	location	Rabida	-0.448880096334935	0.28607409914044	38	34	0.187880996607167	0.359292526434292
Proteobacteria	location	Rabida	-0.170145288716251	0.150913045978012	38	38	0.285396373229834	0.359292526434292
Cyanobacteria	location	Rabida	-0.0618558353826131	0.103504615660723	38	5	0.553838239819189	0.553838239819189
