feature	metadata	value	coef	stderr	N	N.not.0	pval	qval
Bacteroidaceae	location	Rabida	-0.697239047419903	0.154837054993624	38	38	6.78318565946314e-05	0.000678318565946314
Lachnospiraceae	location	Rabida	-0.114861599454083	0.0309806662798105	38	38	0.000701073057009967	0.00350536528504983
Oscillospiraceae	location	Rabida	-0.258461589559708	0.0781090507784109	38	38	0.00213356390878799	0.00711187969595997
Anaerovoracaceae	location	Rabida	0.349454270748461	0.143845594771462	38	38	0.0225792636965522	0.0564481592413806
Bacillaceae	location	Rabida	-0.158698648576349	0.0723977647064837	38	38	0.034926541363821	0.0582109022730349
Caloramatoraceae	location	Rabida	0.198690540735538	0.0905659604264717	38	38	0.0347833164846617	0.0582109022730349
Clostridiaceae	location	Rabida	0.149204252799895	0.0540088874125496	38	38	0.0589978006247878	0.0842825723211254
Peptostreptococcaceae	location	Rabida	0.0344012157100143	0.0243138269795909	38	38	0.165694970010723	0.207118712513403
Ruminococcaceae	location	Rabida	-0.0870950479417694	0.0661878079829847	38	38	0.207471977423094	0.230524419358993
