feature	metadata	value	coef	stderr	N	N.not.0	pval	qval
Fluoroquinolone	location	Punta Espinoza	1.07329426090194	0.260537231253491	68	31	0.000109524000047224	0.00240952800103892
Tetracycline	location	Punta Espinoza	-0.412540228397639	0.134026209840655	68	64	0.00304975781985582	0.033547336018414
Aminoglycoside	location	Rabida	-0.429300341195016	0.174189338504664	68	67	0.0163705810172777	0.120050927460037
Amphenicol	location	Punta Espinoza	-0.523015934474565	0.216567436147386	68	58	0.0293955254598607	0.129340312023387
Vancomycin	location	Punta Espinoza	-0.572402435440379	0.249683238604527	68	50	0.0281889956268851	0.129340312023387
Sulfonamide	location	Punta Espinoza	0.409764684077472	0.215318313309111	68	31	0.0614624741462856	0.225362405203047
MDR	location	Rabida	0.491313206634411	0.275306565890969	68	64	0.0789921343011847	0.248260993518009
