"location","beta.locationRabida","se.locationRabida","W.locationRabida","p_val.locationRabida","q_val.locationRabida","diff_abn.locationRabida"
"MDR",2.04920328477678,0.996510682148208,2.05637864348755,0.0397460331983067,0.397460331983067,FALSE
"Sulfonamide",-4.42752109489073,1.54481019884584,-2.86606153830329,0.0041561344606781,0.0504673117372208,FALSE
"Tetracycline",2.47429155002342,0.856871895857485,2.8875863031397,0.00388210090286314,0.0504673117372208,FALSE
"Insertional sequence",2.78798200687946,1.03364073405191,2.69724471475738,0.00699158696064364,0.07690745656708,FALSE
